Book,Puzzle
Dell2023-08,227
Dell2023-08,228
Dell2023-08,229
Dell2023-08,230
Dell2023-08,231
Dell2023-08,232
Dell2023-08,233
Dell2023-08,234
Dell2023-08,235
Dell2023-08,236
Dell2023-08,237
Dell2023-08,238
Dell2023-08,242
Dell2023-08,243
Dell2023-08,244
Dell2023-08,245
Dell2023-08,246
Dell2023-08,247
Dell2023-08,248
Dell2023-08,249
Dell2023-08,250
Dell2023-08,251
Dell2023-08,252
Dell2023-08,253
Dell2023-08,254
Dell2023-08,255
Dell2023-08,256
Dell2023-08,257
Dell2023-08,258
Dell2023-08,259
Dell2023-08,260
Dell2023-08,261
Dell2023-08,262
Dell2023-10,217
Dell2023-10,218
Dell2023-10,219
Dell2023-10,220
Dell2023-10,221
Dell2023-10,222
Dell2023-10,223
Dell2023-10,224
Dell2023-10,225
Dell2023-10,226
Dell2023-10,227
Dell2023-10,228
Dell2023-10,229
Dell2023-10,230
Dell2023-10,231
Dell2023-10,232
Dell2023-10,233
Dell2023-10,234
Dell2023-10,235
Dell2023-10,236
Dell2023-10,237
Dell2023-10,238
Dell2023-10,239
Dell2023-10,240
Dell2023-10,241
Dell2023-10,242
Dell2023-10,243
Dell2023-10,244
Dell2023-10,245
Dell2023-10,246
Dell2023-10,247
Dell2023-10,248
Dell2023-10,249
Dell2023-10,250
Dell2023-10,251
Dell2023-10,252
Dell2023-10,253
Dell2023-10,254
Dell2023-10,255
Dell2023-10,256
Dell2023-10,257
Dell2023-10,258
Dell2023-10,259
Dell2023-10,260
Dell2023-10,261
Dell2023-10,262
